"name","title","location","url"
"https://in.linkedin.com › in › devaprakashr","LinkedIn Profile","Not specified","https://in.linkedin.com/in/devaprakashr"
"https://in.linkedin.com › in › akhil-react-dev","LinkedIn Profile","Not specified","https://in.linkedin.com/in/akhil-react-dev"
"Cameron G 18b146223","LinkedIn Profile","Not specified","https://www.linkedin.com/in/cameron-g-18b146223"
"https://www.linkedin.com › in › njragandev","LinkedIn Profile","Not specified","https://www.linkedin.com/in/njragandev"
"Dev Prasad Sethi 162789326","LinkedIn Profile","Not specified","https://in.linkedin.com/in/dev-prasad-sethi-162789326"
"Kevin Clark Developer","LinkedIn Profile","Not specified","https://www.linkedin.com/in/kevin-clark-developer"
"Aaron Rodriguez Dev","LinkedIn Profile","Not specified","https://www.linkedin.com/in/aaron-rodriguez-dev"
"Basil Reji 22bb56105","LinkedIn Profile","Not specified","https://in.linkedin.com/in/basil-reji-22bb56105"
"https://www.linkedin.com › in › abrahamjimenezromo","LinkedIn Profile","Not specified","https://www.linkedin.com/in/abrahamjimenezromo"
"https://bd.linkedin.com › in › react-dev-135341220","LinkedIn Profile","Not specified","https://bd.linkedin.com/in/react-dev-135341220"